{
 "base": {
  "1a": 2.1098376975348305,
  "1b": 2.120990855342945,
  "2a": 1.9573145922061852,
  "2b": 1.9356224558714752,
  "3a": 2.022264329177376,
  "3b": 2.0361960857219077
 },
 "own": {
  "1a": 2.936057644139594,
  "1b": 2.915152378867063,
  "2a": 2.8232893288032708,
  "2b": 2.768400279308403,
  "3a": 2.9113827578211815,
  "3b": 2.9070225940095566
 },
 "toks": {
  "1a": [
   "ch",
   "cho",
   "da",
   "ol",
   "sh",
   "in",
   "iin",
   "che",
   "or",
   "qo",
   "daiin",
   "dy",
   "chol",
   "chy",
   "aiin",
   "chor",
   "ey"
  ],
  "1b": [
   "ch",
   "ol",
   "da",
   "cho",
   "sh",
   "in",
   "iin",
   "che",
   "qo",
   "or",
   "daiin",
   "aiin",
   "ey",
   "dy",
   "ke",
   "chol",
   "chy"
  ],
  "2a": [
   "he",
   "dy",
   "ol",
   "ai",
   "qo",
   "qok",
   "che",
   "in",
   "she",
   "aiin",
   "ar",
   "edy",
   "al",
   "ain",
   "chedy",
   "ch",
   "or"
  ],
  "2b": [
   "he",
   "dy",
   "edy",
   "qo",
   "ol",
   "che",
   "ai",
   "qok",
   "in",
   "she",
   "aiin",
   "ar",
   "chedy",
   "al",
   "ch",
   "ok",
   "or"
  ],
  "3a": [
   "ch",
   "ai",
   "che",
   "dy",
   "aii",
   "aiin",
   "ok",
   "ar",
   "ol",
   "qok",
   "al",
   "ee",
   "ot",
   "sh",
   "ain",
   "edy",
   "qot"
  ],
  "3b": [
   "he",
   "ai",
   "dy",
   "che",
   "ok",
   "aii",
   "aiin",
   "ar",
   "ee",
   "qok",
   "ol",
   "ch",
   "al",
   "ot",
   "ain",
   "she",
   "eey"
  ]
 },
 "rec": {
  "1a|1a": 1.0,
  "1a|1b": 0.9925789316853211,
  "1a|2a": 0.7829800113233473,
  "1a|2b": 0.7958543128550721,
  "1a|3a": 0.7774915138889271,
  "1a|3b": 0.7422909769807232,
  "1b|1a": 0.9888114829125406,
  "1b|1b": 1.0,
  "1b|2a": 0.7871458072754329,
  "1b|2b": 0.8117582916438835,
  "1b|3a": 0.7965186860152713,
  "1b|3b": 0.7776118357087997,
  "2a|1a": 0.6984954289846269,
  "2a|1b": 0.7436871263098094,
  "2a|2a": 1.0,
  "2a|2b": 0.98740704978192,
  "2a|3a": 0.9580742055519991,
  "2a|3b": 0.9393340927351459,
  "2b|1a": 0.690955308004033,
  "2b|1b": 0.7579437057967563,
  "2b|2a": 0.9856439934017861,
  "2b|2b": 1.0,
  "2b|3a": 0.9864898258801886,
  "2b|3b": 0.9338976571192544,
  "3a|1a": 0.7242518833320202,
  "3a|1b": 0.7756731723454234,
  "3a|2a": 0.9370584746335784,
  "3a|2b": 0.9372220426669877,
  "3a|3a": 1.0,
  "3a|3b": 0.9749505113664474,
  "3b|1a": 0.6779102763160476,
  "3b|1b": 0.7464867332263068,
  "3b|2a": 0.9160490277528515,
  "3b|2b": 0.9279612674562477,
  "3b|3a": 0.9938884056440506,
  "3b|3b": 1.0
 }
}