{
 "folio_scores": {
  "f1r": -0.0921087411353198,
  "f1v": 0.0745118412267364,
  "f2r": 0.04507011316643559,
  "f2v": -0.14007363702347064,
  "f3r": 0.12375373877057079,
  "f3v": 0.05938935671445389,
  "f4r": -0.08432668930778811,
  "f4v": -0.13441694288267397,
  "f6r": -0.1269704216429945,
  "f6v": -0.12851061902447666,
  "f7r": 0.03867056104026661,
  "f7v": 0.019691094425481274,
  "f8r": -0.0014495081267655158,
  "f8v": 0.07418920110467914,
  "f9r": -0.19740471448618063,
  "f9v": -0.03230613108526907,
  "f10r": -0.21692053373068373,
  "f13r": -0.06723549562738194,
  "f13v": -0.0009829254242659576,
  "f14r": 0.021931605205963912,
  "f14v": -0.13544860366355424,
  "f15r": 0.00856367769421437,
  "f15v": -0.10262774942540467,
  "f16r": -0.1161694294457922,
  "f16v": -0.14667270093067772,
  "f17r": -0.04397882963662761,
  "f17v": 0.2028413760006855,
  "f18r": 0.1640909033865655,
  "f18v": 0.24293408891792154,
  "f19r": -0.14242864389481122,
  "f19v": -0.09421829230420373,
  "f20r": -0.08383722589869141,
  "f20v": -0.15137673948420283,
  "f21r": 0.08722322854834497,
  "f22r": 0.007432540931703344,
  "f22v": 0.025547828406003975,
  "f23r": 0.3133067207153589,
  "f23v": 0.3971152302723253,
  "f24r": 0.11671642550812493,
  "f24v": -0.20397252604716312,
  "f26r": 0.4450677289556907,
  "f26v": 0.299526758045191,
  "f27r": -0.05019333204913677,
  "f28r": -0.061983334384965484,
  "f28v": -0.040652046084118786,
  "f29r": -0.05649572998081317,
  "f29v": -0.2228489970781657,
  "f30r": 0.03192070975066522,
  "f30v": -0.04710942532315153,
  "f31r": 0.6417965845355935,
  "f31v": 0.2148319188340225,
  "f32r": 0.005606270234579407,
  "f32v": -0.15360706934595605,
  "f33r": 0.4481323216193748,
  "f33v": 0.30014224609595425,
  "f34r": 0.4541118942863349,
  "f34v": 0.5389065887040668,
  "f35r": 0.027663428697971514,
  "f35v": -0.06759131994516496,
  "f36r": -0.03017022082706214,
  "f36v": -0.11440769652553284,
  "f37r": 0.0813583521721083,
  "f37v": -0.12631600285398661,
  "f38v": 0.10603611246317148,
  "f39r": 0.4478068311949214,
  "f39v": 0.39686808158905335,
  "f40r": 0.5180989687424363,
  "f40v": 0.6714592095460331,
  "f41r": 0.6406487317984567,
  "f41v": 0.5319776415663325,
  "f42r": -0.013161994096225337,
  "f42v": 0.04181938087745119,
  "f43r": 0.3025176878983745,
  "f43v": 0.3314096919414634,
  "f44r": -0.015224321160780216,
  "f44v": 0.11496839366351744,
  "f45r": 0.17892141355442392,
  "f45v": 0.03429015249193227,
  "f46r": 0.3810663562943368,
  "f46v": 0.31045075870558225,
  "f47r": 0.01993507527954781,
  "f47v": -0.07079079128823472,
  "f48r": 0.327736900789441,
  "f48v": 0.44936783518592016,
  "f49r": -0.0452464540164166,
  "f49v": -0.0472974546174659,
  "f50r": 0.5905517347744516,
  "f50v": 0.4692111786478224,
  "f51r": 0.17496794890204617,
  "f51v": 0.21012449860700186,
  "f52r": 0.00156815218322592,
  "f52v": 0.09492499893378945,
  "f53v": -0.1891174449891983,
  "f54r": 0.040057426070022314,
  "f54v": 0.1951334566193867,
  "f55r": 0.36134581735478405,
  "f55v": 0.3912002923061703,
  "f56r": -0.0145100400172645,
  "f56v": 0.08536562997087126,
  "f57r": 0.009033339930693905,
  "f58r": 0.32556842982019474,
  "f58v": 0.5427412179584634,
  "f66v": 0.21264568485752514,
  "f70r2": 0.3023613476090151,
  "f75r": 1.098246096979533,
  "f75v": 1.1017315376752828,
  "f76v": 0.8030197497423638,
  "f77r": 1.1047005754352746,
  "f77v": 1.1596506702869351,
  "f78r": 0.9761612730011154,
  "f78v": 1.0891119032865957,
  "f79r": 0.8745531455914692,
  "f79v": 0.987926986170236,
  "f80r": 0.929137454414765,
  "f80v": 1.0366193840927287,
  "f81r": 1.0006558960609395,
  "f81v": 0.816862618134724,
  "f82r": 1.0226471306680922,
  "f82v": 1.151874263884778,
  "f83r": 0.877663563463359,
  "f83v": 1.1063579805959192,
  "f84r": 0.9224133268190402,
  "f84v": 1.062376867453402,
  "f85r1": 0.36999669115842226,
  "f85r2": 0.43568581690987984,
  "f86v6": 0.5230076855854797,
  "f86v5": 0.282002498331592,
  "f86v3": 0.30037625350182756,
  "f87r": -0.07680924312098993,
  "f87v": 0.05238768596143761,
  "f88r": 0.47265247150164125,
  "f88v": 0.30901234692387275,
  "f89r1": 0.2694574151804235,
  "f89r2": 0.40741553255822527,
  "f89v2": 0.07308249005029785,
  "f89v1": 0.2930943362980654,
  "f90r1": 0.239588141977229,
  "f90v2": 0.23797219744935644,
  "f90v1": 0.21517205378436008,
  "f93r": -0.038028055335508,
  "f93v": -0.041885420949887626,
  "f94r": 0.42093225510989396,
  "f94v": 0.40681302548339016,
  "f95r1": 0.5475580905390031,
  "f95r2": 0.5267473286903153,
  "f95v2": 0.5141574254205104,
  "f95v1": 0.4237136274163731,
  "f96r": 0.04432435946486591,
  "f96v": -0.1715566758273892,
  "f99r": 0.4045408990354125,
  "f99v": 0.6982435051062339,
  "f100r": 0.31312319921728626,
  "f100v": 0.22828987500290593,
  "f101r1": 0.3567748841725386,
  "f101v2": 0.262156518673256,
  "f102r1": 0.37916473065514333,
  "f102r2": 0.2835755143848285,
  "f102v2": 0.19691634847072023,
  "f102v1": 0.29309137455769335,
  "f103r": 0.7898351209446347,
  "f103v": 0.7717549214777684,
  "f104r": 0.41348440874889486,
  "f104v": 0.45649957807367164,
  "f105r": 0.4383141330428365,
  "f105v": 0.294411766853446,
  "f106r": 0.5274155782720606,
  "f106v": 0.41722178607565424,
  "f107r": 0.5736705930984387,
  "f107v": 0.7927746213494136,
  "f108r": 0.7561078799815827,
  "f108v": 0.8941514510465554,
  "f111r": 0.6924004176249158,
  "f111v": 0.7943760647694612,
  "f112r": 0.6259502250847988,
  "f112v": 0.6195434141202297,
  "f113r": 0.41563100845120715,
  "f113v": 0.5908429060521829,
  "f114r": 0.2787338815206501,
  "f114v": 0.31911474361962505,
  "f115r": 0.5200670046029093,
  "f115v": 0.5010107722831374,
  "f116r": 0.756243855855989
 },
 "meta": {
  "f1r": [
   "T",
   "A"
  ],
  "f1v": [
   "H",
   "A"
  ],
  "f2r": [
   "H",
   "A"
  ],
  "f2v": [
   "H",
   "A"
  ],
  "f3r": [
   "H",
   "A"
  ],
  "f3v": [
   "H",
   "A"
  ],
  "f4r": [
   "H",
   "A"
  ],
  "f4v": [
   "H",
   "A"
  ],
  "f6r": [
   "H",
   "A"
  ],
  "f6v": [
   "H",
   "A"
  ],
  "f7r": [
   "H",
   "A"
  ],
  "f7v": [
   "H",
   "A"
  ],
  "f8r": [
   "H",
   "A"
  ],
  "f8v": [
   "H",
   "A"
  ],
  "f9r": [
   "H",
   "A"
  ],
  "f9v": [
   "H",
   "A"
  ],
  "f10r": [
   "H",
   "A"
  ],
  "f13r": [
   "H",
   "A"
  ],
  "f13v": [
   "H",
   "A"
  ],
  "f14r": [
   "H",
   "A"
  ],
  "f14v": [
   "H",
   "A"
  ],
  "f15r": [
   "H",
   "A"
  ],
  "f15v": [
   "H",
   "A"
  ],
  "f16r": [
   "H",
   "A"
  ],
  "f16v": [
   "H",
   "A"
  ],
  "f17r": [
   "H",
   "A"
  ],
  "f17v": [
   "H",
   "A"
  ],
  "f18r": [
   "H",
   "A"
  ],
  "f18v": [
   "H",
   "A"
  ],
  "f19r": [
   "H",
   "A"
  ],
  "f19v": [
   "H",
   "A"
  ],
  "f20r": [
   "H",
   "A"
  ],
  "f20v": [
   "H",
   "A"
  ],
  "f21r": [
   "H",
   "A"
  ],
  "f22r": [
   "H",
   "A"
  ],
  "f22v": [
   "H",
   "A"
  ],
  "f23r": [
   "H",
   "A"
  ],
  "f23v": [
   "H",
   "A"
  ],
  "f24r": [
   "H",
   "A"
  ],
  "f24v": [
   "H",
   "A"
  ],
  "f26r": [
   "H",
   "B"
  ],
  "f26v": [
   "H",
   "B"
  ],
  "f27r": [
   "H",
   "A"
  ],
  "f28r": [
   "H",
   "A"
  ],
  "f28v": [
   "H",
   "A"
  ],
  "f29r": [
   "H",
   "A"
  ],
  "f29v": [
   "H",
   "A"
  ],
  "f30r": [
   "H",
   "A"
  ],
  "f30v": [
   "H",
   "A"
  ],
  "f31r": [
   "H",
   "B"
  ],
  "f31v": [
   "H",
   "B"
  ],
  "f32r": [
   "H",
   "A"
  ],
  "f32v": [
   "H",
   "A"
  ],
  "f33r": [
   "H",
   "B"
  ],
  "f33v": [
   "H",
   "B"
  ],
  "f34r": [
   "H",
   "B"
  ],
  "f34v": [
   "H",
   "B"
  ],
  "f35r": [
   "H",
   "A"
  ],
  "f35v": [
   "H",
   "A"
  ],
  "f36r": [
   "H",
   "A"
  ],
  "f36v": [
   "H",
   "A"
  ],
  "f37r": [
   "H",
   "A"
  ],
  "f37v": [
   "H",
   "A"
  ],
  "f38v": [
   "H",
   "A"
  ],
  "f39r": [
   "H",
   "B"
  ],
  "f39v": [
   "H",
   "B"
  ],
  "f40r": [
   "H",
   "B"
  ],
  "f40v": [
   "H",
   "B"
  ],
  "f41r": [
   "H",
   "B"
  ],
  "f41v": [
   "H",
   "B"
  ],
  "f42r": [
   "H",
   "A"
  ],
  "f42v": [
   "H",
   "A"
  ],
  "f43r": [
   "H",
   "B"
  ],